[
    {
        "id": 100,
        "title": "Marc",
        "subtitle": "The Designer",
        "description": "Lorem ipsum dolor sit amet, audire ocurreret vel ei, quando corrumpit pro at. Ex per commune incorrupte, has esse melius no, vitae nusquam mandamus in est. Possim prompta est cu.",
        "year": 2019,
        "imageUrl": "../images/test.jpg",
        "rating": 2.0
    },
    {
        "id": 200,
        "title": "Erica",
        "subtitle": "UX Designer",
        "description": "Erica starts her monday morning creating maps and collaborating with developers. ",
        "year": 2019,
        "imageUrl": "../images/Erica.jpg",
        "rating": 4.0
    },
    {
        "id": 300,
        "title": "Samuel",
        "subtitle": "Graphic Designer",
        "description": "Samuel starts his day with a cup of coffee and a .ai file loaded with vectors.",
        "year": 2019,
        "imageUrl": "../images/Samuel.jpg",
        "rating": 4.0
    }
]
